fichier,dossier,usage_recommande,description_alt,photographe,titre_source,source_url,licence,licence_url
"01-categories/categorie-garcon-look-moderne.jpg","01-categories","Categorie Garcon","Petit garcon en tenue moderne beige, fond studio sobre.","atiyeh fathi","Young boy in stylish outfit","https://unsplash.com/photos/GwxssjtH4yE","Unsplash License","https://unsplash.com/license"
"01-categories/categorie-fille-look-doux.jpg","01-categories","Categorie Fille","Petite fille avec chapeau et veste verte, look doux et estival.","Jeremy McKnight","Girl with green jacket and hat","https://unsplash.com/photos/QPBQPKL8rso","Unsplash License","https://unsplash.com/license"
"01-categories/categorie-bebe-combinaison-grise.jpg","01-categories","Categorie Bebe","Bebe souriant en combinaison grise, ambiance claire et rassurante.","Christian Bowen","Baby in gray sweater","https://unsplash.com/photos/OJOE587CWuE","Unsplash License","https://unsplash.com/license"
"01-categories/categorie-pyjama-fille-doudou.jpg","01-categories","Categorie Pyjamas","Petite fille en pyjama avec doudou, image claire pour le rayon nuit.","Gail Adams-Arnold","Girl in pajamas with plush toy","https://unsplash.com/photos/PlSmMsHoXjY","Unsplash License","https://unsplash.com/license"
"01-categories/categorie-pluie-garcon-bottes.jpg","01-categories","Categorie Pluie","Petit garcon avec bottes qui saute dans une flaque.","Nathan Dumlao","Boy jumping in puddle","https://unsplash.com/photos/etCF7Wge3u4","Unsplash License","https://unsplash.com/license"
"01-categories/categorie-robes-fille-couleurs.jpg","01-categories","Categorie Robes","Robes enfant colorees sur cintres, presentation propre de rayon.","Hafizha Anisa","Colorful kids dresses","https://unsplash.com/photos/GCDjllzoKLo","Unsplash License","https://unsplash.com/license"
"01-categories/categorie-bebe-body-neutre.jpg","01-categories","Categorie Bodies bebe","Body bebe blanc avec chaussettes et petits accessoires.","Mediamodifier","Baby onesie flat lay","https://unsplash.com/photos/fdPlZXc-ZwU","Unsplash License","https://unsplash.com/license"
"01-categories/categorie-vetements-enfant-rack.jpg","01-categories","Categorie Vetements","Portant de vetements enfant dans des tons doux et naturels.","Markus Spiske","Kids clothes on rack","https://unsplash.com/photos/TXvCcWl3nEI","Unsplash License","https://unsplash.com/license"
"01-categories/categorie-accessoires-bebe-chaussettes.jpg","01-categories","Categorie Accessoires","Petites chaussettes bebe suspendues, visuel detail et accessoire.","Christian Fickinger","Baby socks on clothesline","https://unsplash.com/photos/MDIGo4Ez-0g","Unsplash License","https://unsplash.com/license"
"01-categories/categorie-ceremonie-fille-robe.jpg","01-categories","Categorie Ceremonie","Petite fille en robe de ceremonie avec couronne de fleurs.","Enis Yavuz","Girl in ceremony dress","https://unsplash.com/photos/oD3X-e4L2ac","Unsplash License","https://unsplash.com/license"
"01-categories/categorie-boutique-enfants-mannequins.jpg","01-categories","Categorie Nouveautes ou boutique","Rayon de vetements enfant avec mannequins et piles colorees.","Zoshua Colah","Kids clothing store display","https://unsplash.com/photos/t9GojOvCqg0","Unsplash License","https://unsplash.com/license"
"01-categories/categorie-tenues-fratrie-ete.jpg","01-categories","Categorie Ensembles","Deux enfants avec tenues assorties, style ete et fratrie.","Janko Ferlic","Matching boys outfit","https://unsplash.com/photos/PWcJ9t7Ne_Q","Unsplash License","https://unsplash.com/license"
"02-rituels-et-moments/rituel-nuit-calme-enfant-dort.jpg","02-rituels-et-moments","Module Nuit calme","Enfant endormi dans un lit doux, ambiance nuit calme et cocooning.","Richard Stachmann","Sleeping child in bed","https://unsplash.com/photos/Yr9aoVc0Lpk","Unsplash License","https://unsplash.com/license"
"02-rituels-et-moments/rituel-lecture-au-lit-pyjama.jpg","02-rituels-et-moments","Module Lecture du soir","Petit garcon en pyjama qui lit sur le lit, moment calme du soir.","Kelli McClintock","Boy reading on bed","https://unsplash.com/photos/Z7uacdEYnd4","Unsplash License","https://unsplash.com/license"
"02-rituels-et-moments/rituel-jour-de-pluie-flaque.jpg","02-rituels-et-moments","Module Jour de pluie","Petit garcon avec veste chaude et bottes dans une flaque.","Nathan Dumlao","Boy stepping into puddle","https://unsplash.com/photos/QYbJKWRV7cU","Unsplash License","https://unsplash.com/license"
"02-rituels-et-moments/rituel-jeu-apres-pluie.jpg","02-rituels-et-moments","Module Jeu dehors","Enfant qui joue dans l'eau apres la pluie, scene spontanée.","Chris McIntosh","Girl splashing in water","https://unsplash.com/photos/K_Ra2s_de5I","Unsplash License","https://unsplash.com/license"
"02-rituels-et-moments/rituel-balade-veste-jaune.jpg","02-rituels-et-moments","Module Balade fraiche","Enfant avec veste jaune, atmosphere de balade fraiche.","Janko Ferlic","Child in yellow jacket","https://unsplash.com/photos/5XUGj5rniqk","Unsplash License","https://unsplash.com/license"
"02-rituels-et-moments/rituel-promenade-bulles.jpg","02-rituels-et-moments","Module Sortie famille","Petit garcon qui joue avec des bulles dans un champ.","Holly Landkammer","Little boy playing with bubbles","https://unsplash.com/photos/KBuF5B3FJs4","Unsplash License","https://unsplash.com/license"
"02-rituels-et-moments/rituel-copains-casquettes.jpg","02-rituels-et-moments","Module Looks du week-end","Deux enfants en tenues casual avec casquettes, style week-end.","The Artist Studio","Two children with caps","https://unsplash.com/photos/TV4lx5X_GzY","Unsplash License","https://unsplash.com/license"
"02-rituels-et-moments/rituel-jardin-bottes-pluie.jpg","02-rituels-et-moments","Module Jardin apres pluie","Deux enfants en vestes bleues et bottes dans un jardin.","Juliane Liebermann","Two girls in blue jackets and boots","https://unsplash.com/photos/hGNMJB7A33Q","Unsplash License","https://unsplash.com/license"
"02-rituels-et-moments/rituel-exploration-jumelles.jpg","02-rituels-et-moments","Module Explorateurs","Enfant avec jumelles dans l'herbe, tenue confortable d'exploration.","Kiana Bosman","Girl with binoculars","https://unsplash.com/photos/wSSTkMDMvZo","Unsplash License","https://unsplash.com/license"
"02-rituels-et-moments/rituel-balancoire-automne.jpg","02-rituels-et-moments","Module Automne doux","Enfant sur une balancoire en pull, bottes et ambiance automne.","Annie Spratt","Boy on swing in autumn","https://unsplash.com/photos/fBrGckWLQ0Q","Unsplash License","https://unsplash.com/license"
"02-rituels-et-moments/rituel-automne-fille-robe.jpg","02-rituels-et-moments","Module Tenues d'automne","Petite fille en tenue habillee dans un parc aux couleurs d'automne.","Kayan Baby","Girl in autumn outfit","https://unsplash.com/photos/yrLX6LmAZ1o","Unsplash License","https://unsplash.com/license"
"02-rituels-et-moments/rituel-weekend-fille-blouson.jpg","02-rituels-et-moments","Module Week-end dehors","Petite fille en blouson bleu et jupe, balade douce en exterieur.","hoylee song","Girl in blue jacket blowing bubbles","https://unsplash.com/photos/lop_MKpNzjk","Unsplash License","https://unsplash.com/license"
"02-rituels-et-moments/rituel-matin-dressing-bebe.jpg","02-rituels-et-moments","Module Matin organise","Tiroir de linge bebe soigneusement plie, routine du matin.","Carrie Allen","Organized baby drawer","https://unsplash.com/photos/WehWCyU0pWI","Unsplash License","https://unsplash.com/license"
"02-rituels-et-moments/rituel-bebe-panier-cocon.jpg","02-rituels-et-moments","Module Cocon bebe","Panier de vetements bebe moelleux, couleurs calmes et rassurantes.","CARMELA LUSTRE","Baby clothes in basket","https://unsplash.com/photos/AkPas1rErdE","Unsplash License","https://unsplash.com/license"
"03-home-et-marque/home-hero-dressing-couleurs.jpg","03-home-et-marque","Hero ou bandeau collections","Dressing enfant colore et joyeux, ideal pour relancer l'envie de parcourir.","Baby Natur","Colorful kids clothing rack","https://unsplash.com/photos/O3kaBMOuJrQ","Unsplash License","https://unsplash.com/license"
"03-home-et-marque/home-boutique-cocooning.jpg","03-home-et-marque","Bloc selection boutique","Vetements enfant sur portant dans une boutique douce et haut de gamme.","balesstudio","Kids boutique clothing rack","https://unsplash.com/photos/EdjNw_eIv68","Unsplash License","https://unsplash.com/license"
"03-home-et-marque/home-fratrie-complice.jpg","03-home-et-marque","Bloc marque rassurante","Deux enfants complices en pulls doux, image chaleureuse et familiale.","Annie Spratt","Two children hugging","https://unsplash.com/photos/ja_hJ4uG-JU","Unsplash License","https://unsplash.com/license"
"03-home-et-marque/home-bottes-pluie-parc.jpg","03-home-et-marque","Bloc dehors par tous les temps","Enfant qui saute avec bottes de pluie, sensation de mouvement et de jeu.","Stephen Andrews","Child jumping with rain boots","https://unsplash.com/photos/GthU0larYtA","Unsplash License","https://unsplash.com/license"
"03-home-et-marque/home-bebe-sourire-cocon.jpg","03-home-et-marque","Bloc bebe rassurant","Bebe en tenue claire, regard doux et ambiance naturelle.","Juan Encalada","Baby in white outfit","https://unsplash.com/photos/No20658JqCk","Unsplash License","https://unsplash.com/license"
"03-home-et-marque/home-bebe-pyjama-bleu.jpg","03-home-et-marque","Bloc naissance ou nuits douces","Bebe en pyjama bleu, scene simple et apaisante.","Marcin Jozwiak","Baby in blue sleepsuit","https://unsplash.com/photos/v8m7Dza5a9c","Unsplash License","https://unsplash.com/license"
"03-home-et-marque/home-bebe-pyjama-rouge.jpg","03-home-et-marque","Bloc pyjamas bebe","Bebe assis en pyjama rouge, image nette pour rayon nuit bebe.","Gabriel Tovar","Baby in red pajamas","https://unsplash.com/photos/oB-fBVoSTQ0","Unsplash License","https://unsplash.com/license"
"03-home-et-marque/home-enfant-survetement-parc.jpg","03-home-et-marque","Bloc confort actif","Tout-petit en ensemble confortable dans un parc.","Taylor Smith","Toddler in tracksuit","https://unsplash.com/photos/TgJoOJGg3TE","Unsplash License","https://unsplash.com/license"
"04-blog/blog-bien-choisir-pyjama.jpg","04-blog","Article choisir un pyjama bebe","Bebe debout en pyjama bleu doux, parfait pour un article sommeil.","Sandeep Kumar","Baby in blue pajamas","https://unsplash.com/photos/Ts6pXuzOhEc","Unsplash License","https://unsplash.com/license"
"04-blog/blog-rituel-du-soir.jpg","04-blog","Article rituel du soir","Nouveau-ne en tenue de nuit claire, ambiance calme.","Kelly Sikkema","Baby in sleeper suit","https://unsplash.com/photos/t53nC7J6Y0E","Unsplash License","https://unsplash.com/license"
"04-blog/blog-pyjama-enfant-rose.jpg","04-blog","Article pyjamas enfants","Enfant en pyjama rose avec jouet, usage blog nuit et confort.","Dzung Huynh","Child in pink pajamas","https://unsplash.com/photos/YHHSngKDIDA","Unsplash License","https://unsplash.com/license"
"04-blog/blog-matieres-douces-pull-jean.jpg","04-blog","Article matieres et superpositions","Pull, bonnet et jean poses a plat, inspiration matieres douces.","Angela Bailey","Sweater and jeans flat lay","https://unsplash.com/photos/jlo7Bf4tUoY","Unsplash License","https://unsplash.com/license"
"04-blog/blog-preparer-valise-enfant.jpg","04-blog","Article valise naissance ou confort bebe","Detail tendre de bebe sur lit clair, image d'introduction douce.","Picsea","Baby feet detail","https://unsplash.com/photos/kd3qRzgEl70","Unsplash License","https://unsplash.com/license"
"04-blog/blog-look-garcon-quotidien.jpg","04-blog","Article looks garcon","Petit garcon souriant en t-shirt colore, look quotidien.","ArrN Capture","Boy in red t-shirt","https://unsplash.com/photos/lSwbvdy4xjc","Unsplash License","https://unsplash.com/license"
"04-blog/blog-ceremonie-garcon.jpg","04-blog","Article tenues ceremonie garcon","Petit garcon en gilet et cravate, tenue de ceremonie.","Faizi Sheikh","Boy wearing vest and tie","https://unsplash.com/photos/EZe0ZvC1u_c","Unsplash License","https://unsplash.com/license"
"04-blog/blog-pluie-bottes-et-veste.jpg","04-blog","Article habiller enfant sous la pluie","Enfant en veste jaune, inspiration protection pluie et vent.","Janko Ferlic","Child wearing yellow jacket","https://unsplash.com/photos/5d-lWgkvleU","Unsplash License","https://unsplash.com/license"
"04-blog/blog-tenue-dimanche-fille.jpg","04-blog","Article tenues habillees fille","Petite robe blanche et chaussures, tenue du dimanche ou ceremonie.","Celine Druguet","White dress and shoes","https://unsplash.com/photos/jH6nZse9o6E","Unsplash License","https://unsplash.com/license"
"04-blog/blog-organisation-dressing.jpg","04-blog","Article organiser le dressing bebe","Bodies bebe sur cintres, visuel propre pour rangement et organisation.","Mediamodifier","Baby clothes on hangers","https://unsplash.com/photos/Cbe9I1QDxJo","Unsplash License","https://unsplash.com/license"
"05-details-et-matieres/detail-body-rose-ourson.jpg","05-details-et-matieres","Detail produit bebe rose","Body bebe blanc sur fond rose avec chaussons et peluche.","Mediamodifier","Baby onesie with teddy bear","https://unsplash.com/photos/PKdcZz-o6bw","Unsplash License","https://unsplash.com/license"
"05-details-et-matieres/detail-robe-jaune-enfant.jpg","05-details-et-matieres","Detail rayon robes ou nouveautes","Robe enfant jaune a pois en boutique, couleur joyeuse et lumineuse.","Baby Natur","Yellow kids dress","https://unsplash.com/photos/aNGHqUAITYc","Unsplash License","https://unsplash.com/license"
"05-details-et-matieres/detail-panier-naissance-blanc.jpg","05-details-et-matieres","Detail naissance et cadeaux","Coffret naissance blanc avec vetements et accessoires bebe.","British Baby Box","Baby gift box","https://unsplash.com/photos/dWnntdSo5yc","Unsplash License","https://unsplash.com/license"
"05-details-et-matieres/detail-short-moutarde-radiateur.jpg","05-details-et-matieres","Detail palette douce 2026","Short bebe moutarde suspendu, image minimaliste et chaleureuse.","Signature June","Mustard baby shorts","https://unsplash.com/photos/K4t4HLjpYzg","Unsplash License","https://unsplash.com/license"
"05-details-et-matieres/detail-tee-shirt-bebe-flatlay.jpg","05-details-et-matieres","Detail tee-shirt bebe","T-shirt bebe blanc avec chaussettes et petits objets colores.","Mediamodifier","Baby t-shirt flat lay","https://unsplash.com/photos/tzX4q7oJlxc","Unsplash License","https://unsplash.com/license"
"05-details-et-matieres/detail-pyjama-deguisement-bebe.jpg","05-details-et-matieres","Detail pyjama ludique","Bebe en pyjama combinaison orange, visuel ludique pour nuit enfant.","Gabriel Tovar","Baby in tiger costume","https://unsplash.com/photos/gi6xmXUbBrs","Unsplash License","https://unsplash.com/license"
"06-reassurance-et-guides/guide-tailles-tenues-enfants.jpg","06-reassurance-et-guides","Guide tailles ou age","Deux enfants ensemble, image neutre pour guide tailles et ages.","Mike Cox","Two children holding hands","https://unsplash.com/photos/tRuD5RHbPUo","Unsplash License","https://unsplash.com/license"
"06-reassurance-et-guides/guide-linge-bebe-propre.jpg","06-reassurance-et-guides","Guide entretien du linge bebe","Vetements bebe suspendus sur une corde a linge, parfait pour parler entretien.","Phenyo Deluxe","Baby clothes on clothesline","https://www.pexels.com/photo/2083325/","Pexels License","https://www.pexels.com/license/"
